Actual,Predicted
BrownSpot,Hispa
BrownSpot,Hispa
BrownSpot,Hispa
BrownSpot,Hispa
BrownSpot,Hispa
BrownSpot,Hispa
BrownSpot,Hispa
BrownSpot,Hispa
BrownSpot,Hispa
BrownSpot,Hispa
BrownSpot,Hispa
BrownSpot,Hispa
BrownSpot,Hispa
BrownSpot,Hispa
BrownSpot,Hispa
BrownSpot,Hispa
BrownSpot,Hispa
BrownSpot,LeafBlast
BrownSpot,Hispa
BrownSpot,LeafBlast
BrownSpot,LeafBlast
BrownSpot,LeafBlast
BrownSpot,Hispa
BrownSpot,Hispa
BrownSpot,Hispa
BrownSpot,LeafBlast
BrownSpot,Hispa
BrownSpot,Hispa
BrownSpot,Hispa
BrownSpot,LeafBlast
BrownSpot,LeafBlast
BrownSpot,Hispa
BrownSpot,LeafBlast
BrownSpot,Hispa
BrownSpot,LeafBlast
BrownSpot,Hispa
BrownSpot,Hispa
BrownSpot,Hispa
BrownSpot,Hispa
BrownSpot,LeafBlast
BrownSpot,LeafBlast
BrownSpot,LeafBlast
BrownSpot,Hispa
BrownSpot,LeafBlast
BrownSpot,Hispa
BrownSpot,Hispa
BrownSpot,Hispa
BrownSpot,Hispa
BrownSpot,LeafBlast
BrownSpot,Hispa
BrownSpot,Hispa
BrownSpot,Hispa
BrownSpot,LeafBlast
BrownSpot,Hispa
BrownSpot,Healthy
Healthy,Hispa
Healthy,Hispa
Healthy,Hispa
Healthy,Hispa
Healthy,Hispa
Healthy,Hispa
Healthy,Hispa
Healthy,Hispa
Healthy,Hispa
Healthy,Hispa
Healthy,Hispa
Healthy,Hispa
Healthy,LeafBlast
Healthy,Hispa
Healthy,Hispa
Healthy,Hispa
Healthy,Hispa
Healthy,Hispa
Healthy,Hispa
Healthy,Hispa
Healthy,Hispa
Healthy,Hispa
Healthy,Hispa
Healthy,Hispa
Healthy,Hispa
Healthy,Hispa
Healthy,Hispa
Healthy,Hispa
Healthy,Hispa
Healthy,Hispa
Healthy,Hispa
Healthy,Hispa
Healthy,Hispa
Healthy,Hispa
Healthy,Hispa
Healthy,Hispa
Healthy,Hispa
Healthy,Hispa
Healthy,Hispa
Healthy,Hispa
Healthy,Hispa
Healthy,Hispa
Healthy,Hispa
Healthy,Hispa
Healthy,Hispa
Healthy,Hispa
Healthy,Hispa
Healthy,Hispa
Healthy,Hispa
Healthy,Hispa
Healthy,Hispa
Healthy,Hispa
Healthy,Hispa
Healthy,Hispa
Healthy,Hispa
Healthy,BrownSpot
Healthy,Hispa
Healthy,Hispa
Healthy,Hispa
Healthy,Hispa
Healthy,Hispa
Healthy,Hispa
Healthy,Hispa
Healthy,Hispa
Healthy,Hispa
Healthy,Hispa
Healthy,Hispa
Healthy,Hispa
Healthy,Hispa
Healthy,Hispa
Healthy,Hispa
Healthy,Hispa
Healthy,Hispa
Healthy,Hispa
Healthy,Hispa
Healthy,Hispa
Healthy,Hispa
Healthy,Hispa
Healthy,Hispa
Healthy,Hispa
Hispa,LeafBlast
Hispa,LeafBlast
Hispa,LeafBlast
Hispa,BrownSpot
LeafBlast,Hispa
LeafBlast,Hispa
LeafBlast,Hispa
LeafBlast,Hispa
LeafBlast,Hispa
LeafBlast,Hispa
LeafBlast,Hispa
LeafBlast,Hispa
LeafBlast,Hispa
LeafBlast,Hispa
LeafBlast,Hispa
LeafBlast,Hispa
LeafBlast,Hispa
LeafBlast,Hispa
LeafBlast,Hispa
LeafBlast,Hispa
LeafBlast,Hispa
LeafBlast,Hispa
LeafBlast,Hispa
LeafBlast,Hispa
LeafBlast,Hispa
LeafBlast,Hispa
LeafBlast,Hispa
LeafBlast,Hispa
LeafBlast,Hispa
LeafBlast,Hispa
LeafBlast,Hispa
LeafBlast,Hispa
LeafBlast,Hispa
LeafBlast,Hispa
LeafBlast,Hispa
LeafBlast,Hispa
LeafBlast,Hispa
LeafBlast,Hispa
LeafBlast,Hispa
LeafBlast,Hispa
LeafBlast,Hispa
LeafBlast,Hispa
LeafBlast,Hispa
LeafBlast,Hispa
LeafBlast,Hispa
LeafBlast,Hispa
LeafBlast,Hispa
LeafBlast,Hispa
LeafBlast,Hispa
LeafBlast,Hispa
LeafBlast,Hispa
LeafBlast,Hispa
LeafBlast,Hispa
LeafBlast,Hispa
LeafBlast,Hispa
LeafBlast,Hispa
LeafBlast,Hispa
LeafBlast,Hispa
LeafBlast,BrownSpot
LeafBlast,Hispa
LeafBlast,Hispa
LeafBlast,Hispa
LeafBlast,Hispa
LeafBlast,Hispa
LeafBlast,Hispa
LeafBlast,Hispa
LeafBlast,Hispa
LeafBlast,Hispa
LeafBlast,Hispa
LeafBlast,Hispa
LeafBlast,Hispa
LeafBlast,Hispa
LeafBlast,Hispa
LeafBlast,Hispa
LeafBlast,Hispa
LeafBlast,Hispa
LeafBlast,Hispa
LeafBlast,Hispa
LeafBlast,Hispa
